{
  "admins": [
    {
      "username": "admin",
      "password": "444721",
      "email": "admin@example.com",
      "isSuper": true,
      "twoFAEnabled": false,
      "twoFASecret": ""
    }
  ],

  "settings": {
    "telegramBotToken": "8590715236:AAH0eXP41Jz-yJkyLB5sWv2A2GtOzO7ugyM",
    "telegramAdminChatId": "6062973135",
    "tgThresholdCount": 5,
    "tgWindowSeconds": 3600,
    "sessionSecret": "nexbit_session_secret_change_me"
  },

  "transactions": [],
  "deposits": [],
  "withdrawals": [],
  "members": [],
  "logs": []
}
